"","Daily_Return_AAPL","Daily_Return_BDO","Daily_Return_BTC","Daily_Return_SPY","VIX","FEDFUNDS","CPI","DGS10"
"Daily_Return_AAPL",1,0.107198848732361,0.289883128284521,0.786896413854436,-0.128867863792858,-0.00912415787125404,-0.0174808289604515,-0.0216672165416928
"Daily_Return_BDO",0.107198848732361,1,0.0879829541229031,0.130864096063467,-0.0388148672248614,-0.00523149815253463,-0.00915115313419307,-0.0134313149282118
"Daily_Return_BTC",0.289883128284521,0.0879829541229031,1,0.376440196529697,-0.0666820767186584,-0.0088177356749942,-0.0365855905648345,-0.0335411173211011
"Daily_Return_SPY",0.786896413854436,0.130864096063467,0.376440196529697,1,-0.158460055414842,0.00562272361433065,0.000362827507585305,-0.00156771218291749
"VIX",-0.128867863792858,-0.0388148672248614,-0.0666820767186584,-0.158460055414842,1,-0.453743689253365,-0.453631818963234,-0.46500826515164
"FEDFUNDS",-0.00912415787125404,-0.00523149815253463,-0.0088177356749942,0.00562272361433065,-0.453743689253365,1,0.87143067250377,0.919917689092618
"CPI",-0.0174808289604515,-0.00915115313419307,-0.0365855905648345,0.000362827507585305,-0.453631818963234,0.87143067250377,1,0.957886750673694
"DGS10",-0.0216672165416928,-0.0134313149282118,-0.0335411173211011,-0.00156771218291749,-0.46500826515164,0.919917689092618,0.957886750673694,1
