"","Daily_Return_AAPL","Daily_Return_BDO","Daily_Return_BTC","Daily_Return_SPY","VIX","FEDFUNDS","CPI","DGS10"
"Daily_Return_AAPL",1,0.107198848732361,0.289883128284521,0.786896413854438,-0.128867863792858,-0.00912415787125412,-0.0174808289604514,-0.0216672165416928
"Daily_Return_BDO",0.107198848732361,1,0.0879829541229032,0.130864096063467,-0.0388148672248615,-0.00523149815253466,-0.00915115313419308,-0.0134313149282119
"Daily_Return_BTC",0.289883128284521,0.0879829541229032,1,0.376440196529696,-0.0666820767186583,-0.00881773567499429,-0.0365855905648344,-0.033541117321101
"Daily_Return_SPY",0.786896413854438,0.130864096063467,0.376440196529696,1,-0.158460055414842,0.00562272361433067,0.0003628275075853,-0.00156771218291749
"VIX",-0.128867863792858,-0.0388148672248615,-0.0666820767186583,-0.158460055414842,1,-0.453743689253368,-0.453631818963234,-0.46500826515164
"FEDFUNDS",-0.00912415787125412,-0.00523149815253466,-0.00881773567499429,0.00562272361433067,-0.453743689253368,1,0.871430672503769,0.919917689092622
"CPI",-0.0174808289604514,-0.00915115313419308,-0.0365855905648344,0.0003628275075853,-0.453631818963234,0.871430672503769,1,0.957886750673693
"DGS10",-0.0216672165416928,-0.0134313149282119,-0.033541117321101,-0.00156771218291749,-0.46500826515164,0.919917689092622,0.957886750673693,1
